﻿TYPE,TICKER,FULL_NAME,NAME,COUNTRY,,
Asia,^AOR,All Ordinaries Index - Australia (^AOR),All Ordinaries Index,Australia,,
Asia,^HSI,Hang Seng Index - Hong Kong (^HSI),Hang Seng Index,Hong Kong,,
Asia,^JCI,Jakarta Composite Index - Indonesia (^JCI),Jakarta Composite Index,Indonesia,,
Asia,^KLCI,Kuala Lumpur Composite Index - Malaysia (^KLCI),Kuala Lumpur Composite Index,Malaysia,,
Asia,^KOSPI,KOSPI Index - South Korea (^KOSPI),KOSPI Index,South Korea,,
Asia,^NKX,Nikkei 225 - Japan (^NKX),Nikkei 225,Japan,,
Asia,^NZ50,NZX 50 - New Zealand (^NZ50),NZX 50,New Zealand,,
Asia,^PSEI,PSEi Index - Philippines (^PSEI),PSEi Index,Philippines,,
Asia,^SET,SET Index - Thailand (^SET),SET Index,Thailand,,
Asia,^SHBS,Shanghai B-Share Index - China (^SHBS),Shanghai ,hare Index - China,,
Asia,^SHC,Shanghai Composite Index - China (^SHC),Shanghai Composite Index,China,,
Asia,^SNX,SENSEX 30 Index - India (^SNX),SENSEX 30 Index,India,,
Asia,^STI,Straits Times Index - Singapore (^STI),Straits Times Index,Singapore,,
Asia,^TWSE,TAIEX Index - Taiwan (^TWSE),TAIEX Index,Taiwan,,
Europe,^AEX,AEX Index - Netherlands (^AEX),AEX Index,Netherlands,,
Europe,^ATH,ATHEX Composite Index - Greece (^ATH),ATHEX Composite Index,Greece,,
Europe,^BEL20,BEL 20 - Belgium (^BEL20),BEL 20,Belgium,,
Europe,^BET,BET Index - Romania (^BET),BET Index,Romania,,
Europe,^BUX,BUX Index - Hungary (^BUX),BUX Index,Hungary,,
Europe,^CAC,CAC 40 - France (^CAC),CAC 40,France,,
Europe,^DAX,DAX Index - Germany (^DAX),DAX Index,Germany,,
Europe,^FMIB,FTSE MIB Index - Italy (^FMIB),FTSE MIB Index,Italy,,
Europe,^FTM,FTSE 250 - United Kingdom (^FTM),FTSE 250,United Kingdom,,
Europe,^HEX,OMX Helsinki Index - Finland (^HEX),OMX Helsinki Index,Finland,,
Europe,^IBEX,IBEX Index - Spain (^IBEX),IBEX Index,Spain,,
Europe,^ICEX,OMX Iceland All Share Index - Iceland (^ICEX),OMX Iceland All Share Index,Iceland,,
Europe,^MDAX,mDAX - Germany (^MDAX),mDAX,Germany,,
Europe,^MOEX,MOEX Index - Russia (^MOEX),MOEX Index,Russia,,
Europe,^OMXR,OMX Riga Index - Latvia (^OMXR),OMX Riga Index,Latvia,,
Europe,^OMXS,OMX Stockholm 30 Index - Sweden (^OMXS),OMX Stockholm 30 Index,Sweden,,
Europe,^OMXT,OMX Tallinn Index - Estonia (^OMXT),OMX Tallinn Index,Estonia,,
Europe,^OMXV,OMX Vilnius Index - Lithuania (^OMXV),OMX Vilnius Index,Lithuania,,
Europe,^OSEAX,OSE All Share Index - Norway (^OSEAX),OSE All Share Index,Norway,,
Europe,^PSI20,PSI 20 Index - Portugal (^PSI20),PSI 20 Index,Portugal,,
Europe,^PX,PX Index - Czech (^PX),PX Index,Czech,,
Europe,^RTS,RTS Index USD - Russia (^RTS),RTS Index USD,Russia,,
Europe,^SAX,SAX Index - Slovakia (^SAX),SAX Index,Slovakia,,
Europe,^SDXP,sDAX - Germany (^SDXP),sDAX,Germany,,
Europe,^SMI,Swiss Market Index - Swiss (^SMI),Swiss Market Index,Swiss,,
Europe,^SOFIX,SOFIX Index - Bulgaria (^SOFIX),SOFIX Index,Bulgaria,,
Europe,^TDXP,TecDAX - Germany (^TDXP),TecDAX,Germany,,
Europe,^UKX,UK 100 CFD - United Kingdom (^UKX),UK 100 CFD,United Kingdom,,
Europe,^UX,UX Index - Ukraine (^UX),UX Index,Ukraine,,
Europe,^WIG,WIG (WIG) - Poland,WIG (WIG),Poland,,
Europe,^WIG20,WIG20 (WIG20) - Poland,WIG20 (WIG20),Poland,,
Europe,^XU100,XU100 - Turkey (^XU100),XU100,Turkey,,
America,^BVP,Bovespa Index - Brazil (^BVP),Bovespa Index,Brazil,,
America,^DJC,Dow Jones Composite - U.S. (^DJC),Dow Jones Composite,U.S.,,
America,^DJI,Dow Jones Industrial - U.S. (^DJI),Dow Jones Industrial,U.S.,,
America,^DJT,Dow Jones Transportation - U.S. (^DJT),Dow Jones Transportation,U.S.,,
America,^DJU,Dow Jones Utilities - U.S. (^DJU),Dow Jones Utilities,U.S.,,
America,^IPC,Mexican Bolsa Index - Mexico (^IPC),Mexican Bolsa Index,Mexico,,
America,^IPSA,IPSA Index - Chile (^IPSA),IPSA Index,Chile,,
America,^MRV,Merval Index - Argentina (^MRV),Merval Index,Argentina,,
America,^NDQ,Nasdaq Composite - U.S. (^NDQ),Nasdaq Composite,U.S.,,
America,^NDX,Nasdaq 100 - U.S. (^NDX),Nasdaq 100,U.S.,,
America,^SPX,S&P 500 - U.S. (^SPX),S&P 500,U.S.,,
America,^TSX,S&P/TSX Composite Index - Canada (^TSX),S&P/TSX Composite Index,Canada,,
Middle East,^TASI,Tadawul All Share Index - Saudi Arabia (^TASI),Tadawul All Share Index,Saudi Arabia,,
Others,^CRY,CRB Commodity Index (^CRY),CRB Commodity Index,Commodity,,
Energy,^CB_F,Crude Oil Brent - ICE (CB.F),Crude Oil Brent,ICE,,
Energy,^CK_F,ICE CO2 EU Allowances Futures - ICE (CK.F),ICE CO2 EU Allowances Futures,ICE,,
Energy,^CL_F,Crude Oil WTI - NYMEX (CL.F),Crude Oil WTI,NYMEX,,
Energy,^FI_F,Palm Oil Malaysian Swaps - CME (FI.F),Palm Oil Malaysian Swaps,CME,,
Energy,^HO_F,ULSD NY Harbor - NYMEX (HO.F),ULSD NY Harbor,NYMEX,,
Energy,^LF_F,ICE Gas Oil LS - ICE (LF.F),ICE Gas Oil LS,ICE,,
Energy,^LU_F,ICE Rotterdam Coal - ICE (LU.F),ICE Rotterdam Coal,ICE,,
Energy,^NG_F,Natural Gas - NYMEX (NG.F),Natural Gas,NYMEX,,
Energy,^RB_F,Gasoline RBOB - NYMEX (RB.F),Gasoline RBOB,NYMEX,,
Energy,^UX_F,Uranium - NYMEX (UX.F),Uranium,NYMEX,,
Energy,^ZK_F,Ethanol Futures - CBOT (ZK.F),Ethanol Futures,CBOT,,
